<?xml version="1.0" encoding="UTF-8"?>
<addon id="plugin.audio.radio.flr.tk" version="1.1.7" name="freeliveradio.tk" provider-name="Aigars Pluģis">
	<requires>
  		<import addon="xbmc.python" version="2.24.0"/>
	</requires>
	<extension point="xbmc.python.pluginsource" library="main.py">
		<provides>audio</provides>
	</extension>
	<extension point="xbmc.addon.metadata">
  		<summary lang="en">freeliveradio.tk</summary>
  		<description lang="en">Klausies pasaules radio stacijas vienuviet, bez tam tas viss ir bezmaksas.</description>
  		<disclaimer lang="en">Šī pielikuma autors neuztur nevienu no pielikumā atrodamajām stacijām. Stacijas un to saturs pieder to respektīvajiem īpašniekiem.</disclaimer>
		<platform>all</platform>
		<news>1.1.7 - pievienotas jaunas ārzemju raidstacijas, atjaunotas jau esošās stacijas</news>
		<news>1.1.6 - pievienotas jaunas Latvijas raidstacijas</news>
 		<news>1.1.5 - pievienotas jaunas Latvijas un ārzemju raidstacijas</news>
		<assets>
    		<icon>icon.png</icon>
  		</assets>
	</extension>
</addon>
